{
  "lifecycle": {
    "name": "lifecycle (init+shutdown)",
    "ffi": {
      "mean": 149944.697,
      "median": 205777.2,
      "std": 113706.9016516853,
      "p95": 286140.5,
      "p99": 286961.48,
      "ci_95_lo": 96677.98924395122,
      "ci_95_hi": 203211.40475604875,
      "min": 40094.1,
      "max": 286961.48,
      "cov": 75.83255955473057
    },
    "python": {
      "mean": 93625.311,
      "median": 27337.38,
      "std": 95800.68513916951,
      "p95": 258411.76,
      "p99": 316295.42,
      "ci_95_lo": 48746.88212706137,
      "ci_95_hi": 138503.73987293863,
      "min": 25597.98,
      "max": 316295.42,
      "cov": 102.32348935980518
    }
  },
  "register_tool": {
    "name": "register_tool",
    "ffi": {
      "mean": 186528.974,
      "median": 218014.42,
      "std": 117969.29225543009,
      "p95": 333599.32,
      "p99": 439477.04,
      "ci_95_lo": 131265.52276282728,
      "ci_95_hi": 241792.4252371727,
      "min": 48441.86,
      "max": 439477.04,
      "cov": 63.24448675487279
    },
    "python": {
      "mean": 84512.383,
      "median": 28569.08,
      "std": 72748.2842788125,
      "p95": 210116.6,
      "p99": 216189.18,
      "ci_95_lo": 50432.995186727116,
      "ci_95_hi": 118591.77081327289,
      "min": 26500.46,
      "max": 216189.18,
      "cov": 86.08002957248584
    }
  },
  "invoke": {
    "name": "invoke (full cycle)",
    "ffi": {
      "mean": 235425.241,
      "median": 295420.36,
      "std": 126105.85309689977,
      "p95": 377638.96,
      "p99": 514767.68,
      "ci_95_lo": 176350.1670540359,
      "ci_95_hi": 294500.31494596414,
      "min": 71210.3,
      "max": 514767.68,
      "cov": 53.56513709458187
    },
    "python": {
      "mean": 124825.556,
      "median": 100010.38,
      "std": 93631.43886491357,
      "p95": 287815.42,
      "p99": 288028.04,
      "ci_95_lo": 80963.32408312341,
      "ci_95_hi": 168687.78791687658,
      "min": 43097.76,
      "max": 288028.04,
      "cov": 75.00983121189829
    }
  },
  "scalability": [
    {
      "name": "register_1_tools",
      "tool_count": 1,
      "ffi": {
        "mean": 134513.63555555555,
        "median": 51692.433333333334,
        "std": 115654.70640552494,
        "p95": 333364.43333333335,
        "p99": 333364.43333333335,
        "ci_95_lo": 70298.56969476846,
        "ci_95_hi": 198728.70141634264,
        "min": 50472.066666666666,
        "max": 333364.43333333335,
        "cov": 85.97991268904359
      },
      "python": {
        "mean": 82846.32444444444,
        "median": 28027.666666666668,
        "std": 112783.37252154067,
        "p95": 301051.73333333334,
        "p99": 301051.73333333334,
        "ci_95_lo": 20225.511858762744,
        "ci_95_hi": 145467.13703012615,
        "min": 27750.266666666666,
        "max": 301051.73333333334,
        "cov": 136.13563821672207
      }
    },
    {
      "name": "register_5_tools",
      "tool_count": 5,
      "ffi": {
        "mean": 220833.32888888888,
        "median": 144606.4,
        "std": 156919.4552279203,
        "p95": 485354.86666666664,
        "p99": 485354.86666666664,
        "ci_95_lo": 133706.79971014755,
        "ci_95_hi": 307959.8580676302,
        "min": 73756.73333333334,
        "max": 485354.86666666664,
        "cov": 71.057867948399
      },
      "python": {
        "mean": 94041.82222222222,
        "median": 30811.533333333333,
        "std": 134593.0703602905,
        "p95": 443442.2,
        "p99": 443442.2,
        "ci_95_lo": 19311.59164010799,
        "ci_95_hi": 168772.05280433648,
        "min": 30233.633333333335,
        "max": 443442.2,
        "cov": 143.1204406505917
      }
    },
    {
      "name": "register_10_tools",
      "tool_count": 10,
      "ffi": {
        "mean": 224149.78666666665,
        "median": 226803.13333333333,
        "std": 99703.18232083763,
        "p95": 410242.23333333334,
        "p99": 410242.23333333334,
        "ci_95_lo": 168791.49976035187,
        "ci_95_hi": 279508.0735729814,
        "min": 104507.7,
        "max": 410242.23333333334,
        "cov": 44.48060549310552
      },
      "python": {
        "mean": 36929.45777777778,
        "median": 35068.76666666667,
        "std": 4585.183442288777,
        "p95": 49004.46666666667,
        "p99": 49004.46666666667,
        "ci_95_lo": 34383.62228278319,
        "ci_95_hi": 39475.293272772375,
        "min": 33979.23333333333,
        "max": 49004.46666666667,
        "cov": 12.416059477179491
      }
    },
    {
      "name": "register_25_tools",
      "tool_count": 25,
      "ffi": {
        "mean": 520758.7377777778,
        "median": 516317.73333333334,
        "std": 222197.24473577092,
        "p95": 959584.8,
        "p99": 959584.8,
        "ci_95_lo": 397387.9632693628,
        "ci_95_hi": 644129.5122861927,
        "min": 190774.56666666668,
        "max": 959584.8,
        "cov": 42.66798204557226
      },
      "python": {
        "mean": 118722.13777777778,
        "median": 48043.76666666667,
        "std": 96614.4001589323,
        "p95": 284101.73333333334,
        "p99": 284101.73333333334,
        "ci_95_lo": 65078.83814799376,
        "ci_95_hi": 172365.4374075618,
        "min": 45570.566666666666,
        "max": 284101.73333333334,
        "cov": 81.37858866707202
      }
    },
    {
      "name": "register_50_tools",
      "tool_count": 50,
      "ffi": {
        "mean": 886288.1244444444,
        "median": 867071.8666666667,
        "std": 195359.38972500997,
        "p95": 1186757.0333333334,
        "p99": 1186757.0333333334,
        "ci_95_lo": 777818.5561267699,
        "ci_95_hi": 994757.692762119,
        "min": 596965.4,
        "max": 1186757.0333333334,
        "cov": 22.04242439189489
      },
      "python": {
        "mean": 95506.57333333333,
        "median": 75799.13333333333,
        "std": 62195.02776474701,
        "p95": 311724.0,
        "p99": 311724.0,
        "ci_95_lo": 60973.97255768587,
        "ci_95_hi": 130039.1741089808,
        "min": 64641.333333333336,
        "max": 311724.0,
        "cov": 65.12120118442145
      }
    }
  ],
  "memory": {
    "name": "memory (RSS delta)",
    "ffi_rss_bytes": 0,
    "python_rss_bytes": 0,
    "ffi_rss_kb": 0,
    "python_rss_kb": 0
  }
}